epoch,train_loss,val_loss,learning_rate
1,4.813039839369768,5.306932823998587,0.0005
2,4.099537956070335,5.193683896745954,0.0005
3,3.830721727528879,5.015353452591669,0.0005
4,3.6524538431753006,5.038315523238409,0.0005
5,3.541830079979406,5.034937130476901,0.0005
6,3.417814497756445,4.952638923051115,0.0005
7,3.3181720507351917,4.95529642219315,0.0005
8,3.2423336585770905,4.898693353116156,0.0005
