epoch,loss,masked_accuracy,val_loss,val_masked_accuracy
0,3.10689640045166,0.44680121541023254,2.3636891841888428,0.5493348836898804
1,2.3463377952575684,0.5546631813049316,2.064375162124634,0.5960494875907898
2,2.112595319747925,0.5905405282974243,1.9348647594451904,0.6183199882507324
3,1.9899370670318604,0.6109161972999573,1.8735817670822144,0.6316547393798828
4,1.9129153490066528,0.6244693994522095,1.8322312831878662,0.6396700739860535
5,1.8590624332427979,0.6344462037086487,1.8076635599136353,0.644608199596405
6,1.8187438249588013,0.6419751048088074,1.7921159267425537,0.6488219499588013
7,1.7881081104278564,0.6479055285453796,1.7781362533569336,0.651728630065918
